@@,itemlabel,item,startdate,enddate
+++,Valeh Barshadly,Q12847117,1991-09-05,1991-12-11
+++,Tajeddin Mehdiyev,Q3143066,1991-12-11,1992-02-17
+++,Shahin Musayev,Q7461778,1992-02-17,1992-02-24
+++,Tahir Aliyev,Q7675492,1992-02-24,1992-03-16
+++,Rahim Gaziyev,Q4131690,1992-03-17,1993-02-20
+++,Dadash Rzayev,Q5207927,1993-02-20,1993-06-17
+++,Safar Abiyev,Q2512500,1993-06-17,1993-08-07
+++,Vahid Musayev,Q12847090,1993-08-07,1993-08-25
+++,Mammadrafi Mammadov,Q4279851,1993-09-02,1995-02-06
